<?xml version="1.0" encoding="UTF-8"?>
<project-private xmlns="http://www.netbeans.org/ns/project-private/1">
    <editor-bookmarks xmlns="http://www.netbeans.org/ns/editor-bookmarks/2" lastBookmarkId="0"/>
    <open-files xmlns="http://www.netbeans.org/ns/projectui-open-files/2">
        <group>
            <file>file:/D:/User/Maulana/NetBeansProjects/CRUD/src/crud/koneksi.java</file>
            <file>file:/D:/User/Maulana/NetBeansProjects/CRUD/src/home/kos.java</file>
            <file>file:/D:/User/Maulana/NetBeansProjects/CRUD/src/home/Login.java</file>
            <file>file:/D:/User/Maulana/NetBeansProjects/CRUD/src/home/home.java</file>
            <file>file:/D:/User/Maulana/NetBeansProjects/CRUD/src/home/penyewa.java</file>
            <file>file:/D:/User/Maulana/NetBeansProjects/CRUD/src/crud/CRUD.java</file>
            <file>file:/D:/User/Maulana/NetBeansProjects/CRUD/src/gambar/Beranda.png</file>
            <file>file:/D:/User/Maulana/NetBeansProjects/CRUD/src/home/SignUp.java</file>
            <file>file:/D:/User/Maulana/NetBeansProjects/CRUD/src/home/simpel_crud.java</file>
            <file>file:/D:/User/Maulana/NetBeansProjects/CRUD/src/home/View.java</file>
        </group>
    </open-files>
</project-private>
